Movie Name,Year,IMDBRating,Metascore,GrossDollars
9,2009,7,60,31740000
21,2008,6.8,48,81160000
54,1998,5.9,33,16570000
300,2006,7.6,52,210610000
1408,2007,6.8,64,71990000
2012,2009,5.8,49,166110000
2046,2004,7.4,78,1440000
(500) Days of Summer,2009,7.7,76,32390000
√Üon Flux,2005,5.4,36,25870000
10 Things I Hate About You,1999,7.3,70,38180000
"10,000 BC",2008,5.1,34,94780000
101 Dalmatians,1996,5.7,50,136190000
12 Angry Men,1957,9,97,4360000
13 Going on 30,2004,6.3,57,57230000
17 Again,2009,6.4,48,64170000
2 Fast 2 Furious,2003,5.9,38,127150000
2001: A Space Odyssey,1968,8.3,84,56950000
21 Grams,2003,7.6,70,16290000
25th Hour,2002,7.6,69,13060000
27 Dresses,2008,6.1,47,76810000
28 Days Later...,2002,7.5,73,45060000
28 Weeks Later,2007,6.9,78,28640000
3 Idiots,2009,8.4,67,6530000
3:10 to Yuma,2007,7.6,76,53610000
30 Days of Night,2007,6.6,53,39570000
4: Rise of the Silver Surfer,2007,5.6,45,131920000
50 First Dates,2004,6.8,48,120910000
8 Mile,2002,7.2,77,116720000
8¬Ω,1963,8,93,50000
8MM,1999,6.6,21,36660000
A Beautiful Mind,2001,8.2,72,170740000
A Bronx Tale,1993,7.8,80,17270000
A Bug's Life,1998,7.2,78,162800000
A Christmas Story,1983,7.9,77,20610000
A Cinderella Story,2004,5.9,25,51440000
A Clockwork Orange,1971,8.3,77,6210000
A Few Good Men,1992,7.7,62,141340000
A Fish Called Wanda,1988,7.5,80,63490000
A Good Year,2006,6.9,47,7460000
A Hard Day's Night,1964,7.5,96,13780000
A History of Violence,2005,7.4,82,31490000
A Knight's Tale,2001,7,56,56570000
A League of Their Own,1992,7.3,69,107530000
A Lot Like Love,2005,6.6,48,21840000
A Man Apart,2003,6,36,26180000
A Nightmare on Elm Street,2010,5.2,35,63080000
A Nightmare on Elm Street,1984,7.4,76,25500000
A Nightmare on Elm Street 3: Dream Warriors,1987,6.6,49,44790000
A Perfect Getaway,2009,6.5,63,15480000
A River Runs Through It,1992,7.2,68,43440000
A Room with a View,1985,7.2,83,20970000
A Scanner Darkly,2006,7,73,5500000
A Series of Unfortunate Events,2004,6.8,62,118630000
A Serious Man,2009,7,88,9190000
A Single Man,2009,7.5,77,9170000
A Streetcar Named Desire,1951,7.9,97,8000000
A Time to Kill,1996,7.5,53,108770000
A View to a Kill,1985,6.3,40,50330000
A Walk to Remember,2002,7.3,35,41280000
A.I. Artificial Intelligence,2001,7.2,65,78620000
About a Boy,2002,7.1,75,41390000
About Schmidt,2002,7.2,85,65020000
Absolute Power,1997,6.7,52,50010000
Accepted,2006,6.4,47,36320000
Ace Ventura: Pet Detective,1994,6.9,37,72220000
Ace Ventura: When Nature Calls,1995,6.4,43,108390000
Across the Universe,2007,7.3,56,51660000
Adaptation.,2002,7.7,83,22250000
Addams Family Values,1993,6.8,61,48920000
Adventureland,2009,6.8,76,16030000
Agent Cody Banks,2003,5.1,41,47940000
Agora,2009,7.1,55,620000
Air America,1990,5.8,33,31050000
Air Force One,1997,6.5,62,172960000
Airplane!,1980,7.7,78,83400000
Akira,1988,8,68,550000
Aladdin,1992,8,86,217350000
Alex & Emma,2003,5.5,32,14210000
Alex Rider: Operation Stormbreaker,2006,5.1,42,650000
Alexander,2004,5.6,40,34300000
Ali,2001,6.7,65,58200000
Alice in Wonderland,2010,6.4,53,334190000
Alice in Wonderland,1951,7.3,68,1070000
Alien,1979,8.5,89,78900000
Alien Resurrection,1997,6.2,62,47750000
Alien¬≥,1992,6.4,59,55470000
Aliens,1986,8.4,84,85160000
Alive,1993,7.1,56,36730000
All About Eve,1950,8.2,98,10000
All the President's Men,1976,7.9,84,70600000
Almost Famous,2000,7.9,90,32530000
Alone in the Dark,2005,2.4,9,5180000
Along Came a Spider,2001,6.4,42,74080000
Along Came Polly,2004,6,44,88100000
Alpha Dog,2006,6.9,53,15230000
Alvin and the Chipmunks: The Squeakquel,2009,4.5,41,219610000
Always,1989,6.4,50,43860000
Amadeus,1984,8.4,87,51970000
American Beauty,1999,8.3,84,130100000
American Gangster,2007,7.8,76,130160000
American Graffiti,1973,7.4,97,115000000
American Pie,1999,7,58,102560000
American Pie 2,2001,6.4,43,145100000
American Psycho,2000,7.6,64,15070000
American Wedding,2003,6.3,43,104570000
Amistad,1997,7.3,64,44180000
Amores perros,2000,8.1,83,5380000
An American Werewolf in London,1981,7.5,55,30570000
An Education,2009,7.3,85,12570000
An Ideal Husband,1999,6.8,67,18540000
An Officer and a Gentleman,1982,7,75,129800000
Anaconda,1997,4.9,37,65890000
Analyze This,1999,6.7,60,106890000
Anastasia,1997,7.1,61,58410000
Anchorman: The Legend of Ron Burgundy,2004,7.1,63,85290000
Angel Heart,1987,7.2,61,17190000
Angels & Demons,2009,6.7,48,133380000
Anger Management,2003,6.2,52,135650000
Animal Kingdom,2010,7.2,83,1040000
Annie Hall,1977,8,92,39200000
Antichrist,2009,6.5,49,400000
Antz,1998,6.5,73,90760000
Any Given Sunday,1999,6.9,52,75530000
Apocalypse Now,1979,8.4,94,83470000
Apocalypto,2006,7.8,68,50870000
Apollo 13,1995,7.7,78,173840000
Appaloosa,2008,6.7,64,20210000
Aquamarine,2006,5.4,51,18600000
Arachnophobia,1990,6.5,67,53210000
Armageddon,1998,6.7,42,201570000
Army of Darkness,1992,7.4,59,11500000
Around the World in 80 Days,2004,5.9,49,24010000
As Good as It Gets,1997,7.7,67,148480000
Atlantis: The Lost Empire,2001,6.9,52,84050000
Atonement,2007,7.8,85,50930000
August Rush,2007,7.4,38,31660000
Austin Powers in Goldmember,2002,6.2,62,213310000
Austin Powers: International Man of Mystery,1997,7,51,53880000
Austin Powers: The Spy Who Shagged Me,1999,6.6,59,206040000
Australia,2008,6.6,53,49550000
Avatar,2009,7.9,83,760510000
AVP: Alien vs. Predator,2004,5.7,29,80280000
AVPR: Aliens vs Predator - Requiem,2007,4.6,29,41800000
Awake,2007,6.5,33,14380000
Awakenings,1990,7.8,74,52100000
Away We Go,2009,7,58,9450000
Babe,1995,6.9,83,66600000
Babe: Pig in the City,1998,5.8,68,18320000
Babel,2006,7.5,69,34300000
Babylon A.D.,2008,5.5,26,22530000
Back to the Future,1985,8.5,87,210610000
Back to the Future Part II,1989,7.8,57,118500000
Back to the Future Part III,1990,7.4,55,87730000
Backdraft,1991,6.7,39,77870000
Bad Boys,1995,6.8,41,65810000
Bad Boys II,2003,6.6,38,138610000
Bad Santa,2003,7.1,70,60060000
Banlieue 13,2004,7.1,70,1200000
Barton Fink,1991,7.6,69,6150000
BASEketball,1998,6.5,38,6940000
Basic Instinct,1992,7.1,43,117730000
Basic Instinct 2,2006,4.4,26,5970000
Batman,1989,7.5,69,251190000
Batman & Robin,1997,3.8,29,107330000
Batman Begins,2005,8.2,70,206850000
Batman Forever,1995,5.4,54,184030000
Batman Returns,1992,7.1,68,162830000
Battlefield Earth,2000,2.5,9,21470000
Be Cool,2005,5.6,37,56050000
Beaches,1988,7,46,57040000
Beauty and the Beast,1991,8,95,218970000
Becoming Jane,2007,7,55,18670000
Bedazzled,2000,6.1,49,37880000
Bedknobs and Broomsticks,1971,7,59,18530000
Bedtime Stories,2008,6,33,110100000
Bee Movie,2007,6.1,54,126630000
Beerfest,2006,6.2,46,19190000
Beetlejuice,1988,7.5,71,73710000
Before Sunrise,1995,8.1,78,5540000
Before Sunset,2004,8.1,91,5820000
Behind Enemy Lines,2001,6.4,49,59070000
Being John Malkovich,1999,7.7,90,22860000
Ben-Hur,1959,8.1,90,74700000
Bend It Like Beckham,2002,6.7,66,32540000
Benny & Joon,1993,7.1,57,23200000
Beowulf,2007,6.3,59,82160000
Beverly Hills Cop,1984,7.4,66,234760000
Bicentennial Man,1999,6.9,42,58220000
Big,1988,7.3,73,114970000
Big Daddy,1999,6.4,42,163480000
Big Fish,2003,8,58,66260000
Big Trouble in Little China,1986,7.2,53,11100000
Bill & Ted's Excellent Adventure,1989,6.9,50,40490000
Billy Elliot,2000,7.7,74,22000000
Billy Madison,1995,6.3,16,25590000
Bin-jip,2004,7.9,72,240000
Bitch Slap,2009,4.5,19,20000
Black Dynamite,2009,7.4,65,230000
Black Hawk Down,2001,7.7,74,108640000
Black Snake Moan,2006,6.9,52,9400000
Blade,1998,7.1,47,70090000
Blade II,2002,6.7,52,82350000
Blade Runner,1982,8.1,84,32870000
Blade: Trinity,2004,5.8,38,52410000
Blades of Glory,2007,6.3,64,118590000
Blast from the Past,1999,6.7,50,26490000
Blazing Saddles,1974,7.7,73,119500000
Blindness,2008,6.5,45,3070000
Blood Diamond,2006,8,64,57370000
Blow,2001,7.5,52,52990000
Blue Streak,1999,6.3,46,68520000
Blue Valentine,2010,7.3,81,9740000
Blue Velvet,1986,7.7,75,8550000
Bobby,2006,7,54,11240000
Body Double,1984,6.8,69,8800000
Body of Lies,2008,7,57,39390000
Boiler Room,2000,7,63,16940000
Bolt,2008,6.8,67,114050000
Bom yeoreum gaeul gyeoul geurigo bom,2003,8,85,2380000
Boogie Nights,1997,7.9,86,26400000
Borat: Cultural Learnings of America for Make Benefit Glorious Nation of Kazakhstan,2006,7.4,89,128510000
Born on the Fourth of July,1989,7.2,75,70000000
Bottle Rocket,1996,6.9,67,560000
Bound,1996,7.3,64,3800000
Bound by Honor,1993,7.9,47,4500000
Boys Don't Cry,1999,7.5,86,11530000
Boyz n the Hood,1991,7.8,76,57500000
Br√ºno,2009,5.9,54,60050000
Bram Stoker's Dracula,1992,7.4,57,82520000
Bratz,2007,3.1,21,10010000
Braveheart,1995,8.3,68,75600000
Brazil,1985,7.9,84,9930000
Breaking the Waves,1996,7.8,82,4040000
Brick,2005,7.1,72,2060000
Bride & Prejudice,2004,6.2,55,6610000
Bride Wars,2009,5.5,24,58720000
Bridge to Terabithia,2007,7.2,74,82270000
Bridget Jones: The Edge of Reason,2004,6,44,40230000
Bridget Jones's Diary,2001,6.8,66,71540000
Bring It On,2000,6.1,52,68380000
Brokeback Mountain,2005,7.7,87,83040000
Broken Arrow,1996,6.1,61,70770000
Broken Flowers,2005,7.1,79,13740000
Bronson,2008,7,71,100000
Brother Bear,2003,6.9,48,85340000
Brothers,2009,7.1,58,28500000
Brubaker,1980,7.1,54,37120000
Bruce Almighty,2003,6.8,46,242830000
Buffy the Vampire Slayer,1992,5.7,48,16620000
Bull Durham,1988,7.1,73,50890000
Bulletproof Monk,2003,5.5,40,23020000
Bullitt,1968,7.4,81,42300000
Buried,2010,7,65,1030000
Burn After Reading,2008,7,63,60360000
Butch Cassidy and the Sundance Kid,1969,8,66,102310000
Cabaret,1972,7.8,80,42770000
Cabin Fever,2002,5.6,56,21160000
Camelot,1967,6.5,70,31100000
Cape Fear,1991,7.3,73,79100000
Capote,2005,7.3,88,28750000
Carlito's Way,1993,7.9,66,36950000
Carrie,1976,7.4,86,33800000
Cars,2006,7.2,73,244080000
Casanova,2005,6.5,57,11300000
Cashback,2006,7.1,54,20000
Casino,1995,8.2,73,42440000
Casino Royale,2006,8,80,167450000
Casper,1995,6.2,49,100330000
Cast Away,2000,7.8,74,233630000
Cat on a Hot Tin Roof,1958,7.9,84,17570000
Catch Me If You Can,2002,8.1,75,164620000
Catwoman,2004,3.4,27,40200000
Cellular,2004,6.5,60,32000000
Chak De! India,2007,8.1,68,1110000
Changeling,2008,7.8,63,35740000
Chaplin,1992,7.5,47,9490000
Charade,1963,7.8,83,13470000
Charlie and the Chocolate Factory,2005,6.7,72,206460000
Charlie Bartlett,2007,6.9,54,3950000
Charlie Wilson's War,2007,7,67,66660000
Charlie's Angels,2000,5.6,52,125310000
Charlie's Angels: Full Throttle,2003,4.9,48,100830000
Charlotte's Web,2006,6.3,68,82990000
Chasing Amy,1997,7.2,71,12020000
Cheaper by the Dozen,2003,5.9,46,138610000
Cheaper by the Dozen 2,2005,5.5,34,82570000
Chi bi,2008,7.3,73,630000
Chicago,2002,7.2,81,170690000
Chicken Little,2005,5.7,48,135390000
Chicken Run,2000,7.1,88,106830000
Children of Men,2006,7.9,84,35550000
Chitty Chitty Bang Bang,1968,6.9,64,7500000
Chloe,2009,6.3,48,3070000
Chocolat,2000,7.3,64,71510000
Choke,2008,6.4,47,2930000
Christine,1983,6.8,57,21200000
Cidade de Deus,2002,8.6,79,7560000
Cinderella Man,2005,8,69,61650000
Citizen Kane,1941,8.3,100,1590000
City Lights,1931,8.5,99,20000
City of Angels,1998,6.7,54,78690000
City of Ember,2008,6.4,58,7870000
City Slickers,1991,6.8,70,124030000
Clash of the Titans,2010,5.8,39,163210000
Clash of the Titans,1981,6.9,59,41090000
Clear and Present Danger,1994,6.9,72,122190000
Clerks,1994,7.7,70,3150000
Clerks II,2006,7.3,65,24150000
Click,2006,6.4,45,137360000
Cliffhanger,1993,6.5,59,84050000
Close Encounters of the Third Kind,1977,7.6,90,132090000
Closer,2004,7.2,65,33990000
Cloudy with a Chance of Meatballs,2009,6.9,66,124870000
Cloverfield,2008,7,64,80050000
Clue,1985,7.2,41,14640000
Clueless,1995,6.9,71,56630000
Coach Carter,2005,7.3,57,67260000
Cocktail,1988,5.9,12,78220000
Cold Mountain,2003,7.2,73,95640000
Collateral,2004,7.5,71,101010000
Collateral Damage,2002,5.5,33,40080000
Coming to America,1988,7.1,47,128150000
Commando,1985,6.7,51,35100000
Con Air,1997,6.9,52,101120000
Conan the Barbarian,1982,6.9,43,39570000
Coneheads,1993,5.4,49,21270000
Confessions of a Dangerous Mind,2002,7,67,16000000
Confessions of a Shopaholic,2009,5.8,38,44280000
Conspiracy Theory,1997,6.7,50,75980000
Constantine,2005,7,50,75980000
Contact,1997,7.5,62,100920000
Control,2007,7.6,78,870000
Cool Hand Luke,1967,8.1,92,16220000
Cool Runnings,1993,7,60,68860000
Cop Out,2010,5.5,31,44880000
Coraline,2009,7.7,80,75290000
Corpse Bride,2005,7.4,83,53360000
Couples Retreat,2009,5.5,23,109210000
Coyote Ugly,2000,5.7,27,60790000
Crank,2006,6.9,57,27830000
Crank: High Voltage,2009,6.1,41,13630000
Crash,1996,6.4,53,2040000
Crash,2004,7.7,66,54580000
Crazy Heart,2009,7.2,83,39460000
"Crna macka, beli macor",1998,8,73,350000
Cruel Intentions,1999,6.8,56,38770000
Cry-Baby,1990,6.5,63,8270000
Cube,1997,7.1,61,500000
Cujo,1983,6.1,57,21200000
Cyborg,1989,5,24,10170000
Daddy's Little Girls,2007,5.8,49,31340000
Dan in Real Life,2007,6.8,65,47640000
Dancer in the Dark,2000,7.9,63,4180000
Dances with Wolves,1990,8,72,184210000
Dangerous Liaisons,1988,7.6,74,34700000
Dangerous Minds,1995,6.5,46,84920000
Dante's Peak,1997,6,43,67130000
Darbareye Elly,2009,7.9,87,110000
Daredevil,2003,5.3,42,102540000
Dark City,1998,7.6,66,14380000
Das Boot,1981,8.4,85,11490000
Das Experiment,2001,7.7,59,140000
Date Night,2010,6.3,56,98710000
Dave,1993,6.9,76,63270000
Dawn of the Dead,2004,7.3,59,59020000
Dawn of the Dead,1978,7.8,71,5100000
Daybreakers,2009,6.4,57,30100000
Days of Thunder,1990,6.1,60,82670000
Dazed and Confused,1993,7.6,82,7990000
Dead Calm,1989,6.8,70,7830000
Dead Man Walking,1995,7.5,80,39390000
Dead Poets Society,1989,8.1,79,95860000
Dead Silence,2007,6.1,34,16810000
Dear John,2010,6.3,43,80010000
Dear Zachary: A Letter to a Son About His Father,2008,8.5,82,20000
Death at a Funeral,2007,7.3,67,8580000
Death Becomes Her,1992,6.6,56,58420000
Death Race,2008,6.4,43,36320000
Death Race 2000,1975,6.2,58,8000000
Deception,2008,6,31,4600000
Deep Blue Sea,1999,5.9,54,73650000
Deep Impact,1998,6.2,40,140460000
Defiance,2008,7.1,58,28640000
"Definitely, Maybe",2008,7.1,59,31970000
Deja Vu,2006,7.1,59,64040000
Deliverance,1972,7.7,80,7060000
Demolition Man,1993,6.7,34,58060000
Dennis the Menace,1993,5.7,49,51270000
Der Himmel √ºber Berlin,1987,7.9,79,3330000
Der Untergang,2004,8.2,82,5510000
Desperado,1995,7.1,55,25630000
Despicable Me,2010,7.6,72,251510000
Deuce Bigalow: Male Gigolo,1999,5.7,30,65540000
Dial M for Murder,1954,8.2,75,10000
Diamonds Are Forever,1971,6.5,59,43820000
Diary of a Wimpy Kid,2010,6.2,56,64000000
Dick Tracy,1990,6.2,68,103740000
Die Another Day,2002,6.1,56,160940000
Die Hard,1988,8.2,72,83010000
Die Hard 2,1990,7.1,67,117540000
Die Hard with a Vengeance,1995,7.6,58,100010000
Dinosaur,2000,6.4,56,137750000
Dirty Dancing,1987,7,65,620000
Dirty Dancing: Havana Nights,2004,5.9,39,14160000
Dirty Harry,1971,7.7,87,35900000
District 9,2009,7.9,81,115650000
Disturbia,2007,6.8,62,80210000
Do the Right Thing,1989,8,93,27550000
DOA: Dead or Alive,2006,4.8,38,480000
Doctor Zhivago,1965,7.9,69,111720000
Dodgeball: A True Underdog Story,2004,6.7,55,114330000
Dog Day Afternoon,1975,8,86,50000000
Dogma,1999,7.3,62,30650000
Dogville,2003,8,61,1530000
Dolores Claiborne,1995,7.4,62,24360000
Domino,2005,5.9,37,10170000
Don't Be a Menace to South Central While Drinking Your Juice in the Hood,1996,6.5,53,20110000
Donnie Brasco,1997,7.7,77,41910000
Donnie Darko,2001,8,88,1480000
Doom,2005,5.2,34,28210000
Doomsday,2008,5.9,51,10960000
Double Indemnity,1944,8.3,95,5720000
Double Jeopardy,1999,6.5,41,116740000
Doubt,2008,7.5,68,33420000
Dr. No,1962,7.2,78,16070000
Dr. Strangelove or: How I Learned to Stop Worrying and Love the Bomb,1964,8.4,97,280000
Drag Me to Hell,2009,6.6,83,42100000
Dragonball Evolution,2009,2.5,45,9350000
DragonHeart,1996,6.4,49,51370000
Dreamcatcher,2003,5.5,35,33720000
Dreamgirls,2006,6.6,76,103370000
Driving Miss Daisy,1989,7.3,81,106590000
Drop Dead Gorgeous,1999,6.7,28,10560000
"Dude, Where's My Car?",2000,5.5,30,46730000
Dumb and Dumber,1994,7.3,41,127180000
Dune,1984,6.3,41,30930000
E.T. the Extra-Terrestrial,1982,7.9,92,435110000
Eagle Eye,2008,6.6,43,101110000
Eastern Promises,2007,7.6,83,17110000
Easy Rider,1969,7.2,85,41730000
Ed Wood,1994,7.8,71,5890000
Eden Lake,2008,6.7,65,10000
Edge of Darkness,2010,6.6,55,43310000
Edward Scissorhands,1990,7.9,74,56360000
Eight Below,2006,7.3,64,81610000
Eight Legged Freaks,2002,5.5,53,17320000
El orfanato,2007,7.4,74,7160000
El secreto de sus ojos,2009,8.2,80,6390000
Election,1999,7.3,83,14880000
Elektra,2005,4.7,34,24410000
Elf,2003,7.1,66,173400000
Elizabeth: The Golden Age,2007,6.8,45,16290000
Elizabethtown,2005,6.3,45,26840000
Ella Enchanted,2004,6.3,53,22920000
Empire of the Sun,1987,7.7,62,22240000
Enchanted,2007,7.1,75,127810000
End of Days,1999,5.8,34,66890000
Endless Love,1981,4.9,30,31180000
Enemy at the Gates,2001,7.5,53,51400000
Enemy of the State,1998,7.3,67,111550000
Enough,2002,5.8,25,40010000
Enter the Dragon,1973,7.6,83,25000000
Enter the Void,2009,7.2,69,340000
Entrapment,1999,6.3,54,87700000
Epic Movie,2007,2.4,17,39740000
Equilibrium,2002,7.3,33,1200000
Eragon,2006,5.1,38,75030000
Eraser,1996,6.2,56,101300000
Eraserhead,1977,7.3,87,7000000
Erin Brockovich,2000,7.4,73,125600000
Escape from Alcatraz,1979,7.6,76,43000000
Escape from New York,1981,7.1,76,25240000
Eternal Sunshine of the Spotless Mind,2004,8.3,89,34400000
EuroTrip,2004,6.6,45,17720000
Evan Almighty,2007,5.4,37,100460000
Event Horizon,1997,6.6,35,26670000
Ever After,1998,7.1,66,65710000
Everybody's Fine,2009,7.1,47,8860000
Evil Dead II,1987,7.7,72,5920000
Evolution,2001,6.1,40,38350000
Excalibur,1981,7.3,56,34970000
Eyes Wide Shut,1999,7.5,69,55690000
Fa yeung nin wah,2000,8.1,87,2730000
Face/Off,1997,7.3,82,112230000
Failure to Launch,2006,5.6,47,88720000
Falling Down,1993,7.6,56,40900000
Fanboys,2009,6.5,45,690000
Fanny och Alexander,1982,8.1,100,4970000
Fantastic Four,2005,5.7,40,154700000
Fantastic Mr. Fox,2009,7.9,83,21000000
Far and Away,1992,6.6,49,58880000
Fargo,1996,8.1,88,24610000
Fast & Furious,2009,6.5,46,155060000
Fast Times at Ridgemont High,1982,7.1,61,27090000
Fatal Attraction,1987,6.9,67,156650000
Fear and Loathing in Las Vegas,1998,7.5,41,10680000
Felon,2008,7.4,58,40000
Ferris Bueller's Day Off,1986,7.8,61,70140000
Fever Pitch,2005,6.2,56,42070000
Fiddler on the Roof,1971,8,67,80500000
Field of Dreams,1989,7.5,57,64430000
Fight Club,1999,8.8,67,37030000
Final Destination,2000,6.7,39,53330000
Final Destination 2,2003,6.2,38,46960000
Final Destination 3,2006,5.8,43,54100000
Final Fantasy: The Spirits Within,2001,6.4,49,32130000
Finding Nemo,2003,8.2,90,380840000
Finding Neverland,2004,7.7,67,51680000
First Blood,1982,7.7,61,47210000
Flags of Our Fathers,2006,7.1,79,33600000
Flashdance,1983,6.2,39,94900000
Flatliners,1990,6.5,55,61490000
Flickan som lekte med elden,2009,7.1,66,9080000
Flightplan,2005,6.3,53,89710000
Flushed Away,2006,6.6,74,64670000
Following,1998,7.5,60,50000
Fool's Gold,2008,5.7,29,70230000
Footloose,1984,6.6,42,80040000
For Your Eyes Only,1981,6.7,54,62300000
Forgetting Sarah Marshall,2008,7.1,67,63170000
Forrest Gump,1994,8.8,82,330250000
Four Brothers,2005,6.8,49,74490000
Four Lions,2010,7.3,68,300000
Four Weddings and a Funeral,1994,7.1,81,52700000
Fracture,2007,7.2,68,39020000
Frailty,2001,7.2,64,13100000
Frankenstein,1994,6.3,49,22010000
Freaks,1932,7.8,80,630000
Freaky Friday,2003,6.3,70,110230000
Freddy vs. Jason,2003,5.7,37,82620000
Freedom Writers,2007,7.6,64,36610000
Frequency,2000,7.4,67,45010000
Frida,2002,7.3,61,25890000
Friday,1995,7.2,54,27470000
Friday After Next,2002,5.8,35,32980000
Friday Night Lights,2004,7.2,70,61260000
Friday the 13th,2009,5.5,34,65000000
Friday the 13th,1980,6.4,22,39750000
Fried Green Tomatoes,1991,7.7,64,82420000
Fright Night,1985,7.1,62,24920000
From Dusk Till Dawn,1996,7.2,48,25750000
From Hell,2001,6.7,54,31600000
From Here to Eternity,1953,7.6,85,30500000
From Paris with Love,2010,6.4,42,23980000
From Russia with Love,1963,7.3,83,24800000
Frost/Nixon,2008,7.7,80,18590000
Full Metal Jacket,1987,8.3,78,46360000
Fun with Dick and Jane,2005,6.2,47,110330000
Funny Games,2007,6.5,44,1290000
Funny Girl,1968,7.4,89,58500000
Funny People,2009,6.3,60,51860000
G.I. Jane,1997,6,62,48170000
G.I. Joe: The Rise of Cobra,2009,5.7,32,152270000
Gake no ue no Ponyo,2008,7.6,86,15090000
Galaxy Quest,1999,7.4,70,71580000
Gamer,2009,5.7,27,20490000
Gandhi,1982,8,79,52770000
Gangs of New York,2002,7.5,72,77810000
Garden State,2004,7.4,67,26780000
GATTACA,1997,7.7,64,12340000
George of the Jungle,1997,5.5,53,105260000
Get Him to the Greek,2010,6.3,65,60970000
Get Smart,2008,6.5,54,130320000
Ghost,1990,7.1,52,217630000
Ghost Rider,2007,5.3,35,115800000
Ghost Ship,2002,5.6,28,30110000
Ghostbusters,1984,7.8,71,238630000
Ghostbusters II,1989,6.6,56,112490000
Ghosts of Girlfriends Past,2009,5.8,34,55250000
Gigli,2003,2.6,18,6070000
Girl with a Pearl Earring,2003,6.9,72,11630000
"Girl, Interrupted",1999,7.3,51,28870000
Gladiator,2000,8.5,67,187710000
Glengarry Glen Ross,1992,7.7,84,10730000
Glitter,2001,2.4,14,4270000
Glory,1989,7.8,78,26830000
Glory Road,2006,7.2,58,42640000
Go,1999,7.2,74,16840000
Goal!,2005,6.7,53,4280000
Godzilla,1998,5.4,32,136310000
GoldenEye,1995,7.2,65,106600000
Goldfinger,1964,7.7,87,51080000
Gone Baby Gone,2007,7.6,72,20300000
Gone in Sixty Seconds,2000,6.5,35,101650000
Gone with the Wind,1939,8.2,97,198680000
Good Bye Lenin!,2003,7.7,68,4060000
Good Luck Chuck,2007,5.6,19,35020000
"Good Morning, Vietnam",1987,7.3,67,123920000
"Good Night, and Good Luck.",2005,7.4,80,31560000
Good Will Hunting,1997,8.3,71,138430000
Goodfellas,1990,8.7,92,46840000
Gosford Park,2001,7.2,90,41310000
Gothika,2003,5.8,38,59690000
Gran Torino,2008,8.1,72,148100000
Grandma's Boy,2006,6.9,33,6090000
Grease 2,1982,4.5,52,15170000
Great Expectations,1998,6.8,55,26330000
Green Zone,2010,6.8,63,35050000
Gridiron Gang,2006,7.1,52,38430000
Grindhouse,2007,7.5,77,25040000
Groundhog Day,1993,8,72,70910000
Grown Ups,2010,6,30,162000000
Guess Who's Coming to Dinner,1967,7.8,63,56700000
Gummo,1997,6.6,19,20000
Gwoemul,2006,7.1,85,2200000
Hable con ella,2002,7.9,86,9360000
Hackers,1995,6.2,46,7560000
Hair,1979,7.5,68,15280000
Hairspray,2007,6.7,81,118870000
Halloween,2007,6,47,58270000
Halloween,1978,7.7,90,47000000
Hancock,2008,6.4,49,227950000
Hannah Montana: The Movie,2009,4.6,47,79570000
Hannibal,2001,6.8,57,165090000
Hannibal Rising,2007,6.1,35,27670000
Happy Feet,2006,6.4,77,198000000
Happy Gilmore,1996,7,31,38620000
Hard Candy,2005,7,58,1010000
Harold & Kumar Escape from Guantanamo Bay,2008,6.5,57,38090000
Harold & Kumar Go to White Castle,2004,7,64,18230000
Harry Brown,2009,7.2,55,1820000
Harry Potter and the Chamber of Secrets,2002,7.4,63,261990000
Harry Potter and the Goblet of Fire,2005,7.7,81,290010000
Harry Potter and the Half-Blood Prince,2009,7.6,78,301960000
Harry Potter and the Prisoner of Azkaban,2004,7.9,82,249360000
Harry Potter and the Sorcerer's Stone,2001,7.6,65,317580000
Harsh Times,2005,6.8,56,3340000
Hart's War,2002,6.3,49,19080000
Hauru no ugoku shiro,2004,8.2,82,4710000
He Got Game,1998,6.9,64,21550000
He's Just Not That Into You,2009,6.4,47,93950000
Heat,1995,8.3,76,67440000
Heathers,1988,7.2,72,1110000
Heavenly Creatures,1994,7.3,86,3050000
Hedwig and the Angry Inch,2001,7.7,85,3030000
Hellboy,2004,6.8,72,59620000
Hellboy II: The Golden Army,2008,7,78,75750000
Hellraiser,1987,6.9,56,14560000
Herbie: Fully Loaded,2005,4.9,47,66020000
Hercules,1997,7.3,74,99050000
Hide and Seek,2005,5.9,35,51100000
High Fidelity,2000,7.4,79,27290000
High Noon,1952,8,89,9450000
Highlander,1986,7,24,5900000
History of the World: Part I,1981,6.8,47,31670000
Hitch,2005,6.6,58,179500000
Hitman,2007,6.2,35,39690000
Holes,2003,7,71,67410000
Hollow Man,2000,5.8,24,73210000
Home Alone,1990,7.7,63,285760000
Home Alone 2: Lost in New York,1992,6.9,46,173590000
"Honey, I Shrunk the Kids",1989,6.4,63,130720000
Hoodwinked!,2005,6.5,45,51390000
Hook,1991,6.8,52,119650000
Hooligans,2005,7.4,55,340000
Hope Floats,1998,6,43,60050000
Horton Hears a Who!,2008,6.8,71,154530000
Hostel,2005,5.9,55,47330000
Hostel: Part II,2007,5.5,46,17610000
Hot Fuzz,2007,7.8,81,23640000
Hot Rod,2007,6.7,43,13920000
Hot Shots!,1991,6.7,61,69470000
Hot Tub Time Machine,2010,6.4,63,50290000
Hotel Rwanda,2004,8.1,79,23530000
House of 1000 Corpses,2003,6,31,12630000
House of Wax,2005,5.5,41,32060000
How High,2001,6.2,29,31160000
How the Grinch Stole Christmas,2000,6.3,46,260040000
How the West Was Won,1962,7,56,46500000
How to Lose a Guy in 10 Days,2003,6.5,45,105810000
How to Train Your Dragon,2010,8.1,75,217580000
Hulk,2003,5.6,54,132180000
Hunger,2008,7.5,82,150000
Hustle & Flow,2005,7.3,68,22200000
I Am Legend,2007,7.2,65,256390000
I Heart Huckabees,2004,6.5,55,12780000
I Know What You Did Last Summer,1997,5.8,52,72590000
I Love You Phillip Morris,2009,6.6,65,2040000
"I Love You, Man",2009,7,70,71440000
I Now Pronounce You Chuck & Larry,2007,5.9,37,120060000
I Spit on Your Grave,2010,6.2,27,90000
I Still Know What You Did Last Summer,1998,4.7,21,40000000
"I, Robot",2004,7.1,59,144800000
I'm Not There,2007,6.8,73,4020000
Ice Age,2002,7.5,61,176390000
Ice Age: Dawn of the Dinosaurs,2009,6.9,50,196570000
Ice Age: The Meltdown,2006,6.8,59,195330000
Identity,2003,7.3,64,52160000
Idiocracy,2006,6.5,66,440000
Ikiru,1952,8.3,92,60000
"Il buono, il brutto, il cattivo",1966,8.8,90,6100000
Imagine Me & You,2005,6.7,49,670000
In Bruges,2008,7.9,67,7760000
In Good Company,2004,6.5,66,45810000
In Her Shoes,2005,6.5,60,32880000
In the Land of Women,2007,6.4,47,11040000
In the Line of Fire,1993,7.2,74,102310000
In the Name of the Father,1993,8.1,84,25010000
In the Valley of Elah,2007,7.2,65,6780000
Inception,2010,8.8,74,292580000
Indecent Proposal,1993,6,45,106610000
Independence Day,1996,7,59,306170000
Indiana Jones and the Kingdom of the Crystal Skull,2008,6.2,65,317100000
Indiana Jones and the Last Crusade,1989,8.2,65,197170000
Indiana Jones and the Temple of Doom,1984,7.5,57,179870000
Inglourious Basterds,2009,8.4,69,120540000
Inkheart,2008,6.1,49,17300000
Inland Empire,2006,6.8,73,750000
Inside Man,2006,7.6,76,88510000
Insomnia,2002,7.2,78,67360000
Internal Affairs,1990,6.5,63,27730000
Interview with the Vampire: The Vampire Chronicles,1994,7.5,62,105260000
Into the Blue,2005,5.9,45,18470000
Into the Wild,2007,8.1,73,18350000
Invasion of the Body Snatchers,1978,7.4,75,24950000
Invictus,2009,7.3,74,37490000
Invincible,2006,7,63,57810000
Iron Man,2008,7.9,79,318410000
Iron Man 2,2010,6.9,57,312430000
Irr√©versible,2002,7.3,51,750000
It Happened One Night,1934,8.1,87,4360000
"It's a Mad, Mad, Mad, Mad World",1963,7.5,59,46300000
It's Complicated,2009,6.5,57,112740000
Jack,1996,5.8,31,58620000
Jackie Brown,1997,7.5,62,39670000
Jacob's Ladder,1990,7.4,62,26120000
James and the Giant Peach,1996,6.7,78,28930000
Jarhead,2005,7,58,62660000
Jaws,1975,8.1,87,260000000
Jaws 2,1978,5.8,51,102920000
Jay and Silent Bob Strike Back,2001,6.8,51,30090000
Jeepers Creepers,2001,6.2,49,37900000
Jeepers Creepers 2,2003,5.7,36,35670000
Jennifer's Body,2009,5.5,47,16200000
Jeremiah Johnson,1972,7.6,75,47740000
Jerry Maguire,1996,7.3,77,153950000
Jeux d'enfants,2003,7.5,45,550000
JFK,1991,8,72,70410000
Joan of Arc,1999,6.4,54,14280000
John Q,2002,7.1,30,71760000
John Tucker Must Die,2006,5.7,41,41010000
Johnny English,2003,6.2,51,28080000
Johnny Mnemonic,1995,5.6,36,19080000
Jonah Hex,2010,4.7,33,10540000
Journey to the Center of the Earth,2008,5.8,57,101700000
Joy Ride,2001,6.6,75,21970000
Julie & Julia,2009,7,66,94130000
Jumanji,1995,7.1,39,100480000
Jumper,2008,6.1,35,80170000
Juno,2007,7.4,81,143500000
Jurassic Park,1993,8.2,68,402450000
Jurassic Park III,2001,5.9,42,181170000
Just Friends,2005,6.2,47,32620000
Just Like Heaven,2005,6.7,47,48320000
Just Married,2003,5.5,28,56130000
Just My Luck,2006,5.4,29,17320000
K-19: The Widowmaker,2002,6.7,58,35170000
K-PAX,2001,7.4,49,50340000
K√¥kaku kid√¥tai,1995,7.9,76,520000
Kalifornia,1993,6.7,49,2400000
Kaze no Tani no Nausica√§,1984,8,86,500000
Kick-Ass,2010,7.6,66,48070000
Kickboxer,1989,6.4,33,14700000
Kill Bill: Vol. 1,2003,8.2,69,70100000
Kill Bill: Vol. 2,2004,8,83,66210000
Killers,2010,5.4,21,47060000
Kindergarten Cop,1990,6.2,61,91460000
King Arthur,2004,6.3,46,51880000
King Kong,2005,7.2,81,218080000
King Kong,1933,7.9,92,10000000
Kingdom of Heaven,2005,7.3,63,47400000
Kingpin,1996,6.9,43,24940000
Kinky Boots,2005,7.1,57,1820000
Kinsey,2004,7.1,79,10210000
Kiss Kiss Bang Bang,2005,7.5,73,4240000
Kiss the Girls,1997,6.6,46,60530000
Knight and Day,2010,6.3,46,76420000
Knocked Up,2007,6.9,85,148730000
Knowing,2009,6.2,41,79960000
Kramer vs. Kramer,1979,7.8,77,106260000
Kung fu,2004,7.7,78,17110000
Kung Fu Panda,2008,7.6,74,215430000
Kung Pow: Enter the Fist,2002,6.2,14,16030000
Kynodontas,2009,7.2,73,110000
L.A. Confidential,1997,8.2,91,64620000
L'auberge espagnole,2002,7.3,65,3900000
L√•t den r√§tte komma in,2008,7.8,82,2120000
L√©on,1994,8.5,64,19500000
La Bamba,1987,6.9,65,54220000
La battaglia di Algeri,1966,8.1,96,60000
La dolce vita,1960,8,95,19520000
La leggenda del pianista sull'oceano,1998,8,58,260000
La monta√±a sagrada,1973,7.8,76,60000
La Vie En Rose,2007,7.6,66,10300000
La vita √® bella,1997,8.6,58,57600000
Labyrinth,1986,7.3,50,12730000
Lady in the Water,2006,5.5,36,42290000
Lagaan: Once Upon a Time in India,2001,8.1,84,910000
Land of the Dead,2005,6.2,71,20700000
Land of the Lost,2009,5.3,32,49440000
Lara Croft: Tomb Raider,2001,5.8,33,131140000
Lara Croft: Tomb Raider - The Cradle of Life,2003,5.5,43,65660000
Lars and the Real Girl,2007,7.3,70,5970000
Last Action Hero,1993,6.5,44,50020000
Law Abiding Citizen,2009,7.4,34,73340000
Lawrence of Arabia,1962,8.3,100,44820000
Layer Cake,2004,7.3,73,2340000
Le Cinqui√®me √âl√©ment,1997,7.6,52,63540000
Le fabuleux destin d'Am√©lie Poulain,2001,8.3,70,33230000
Le scaphandre et le papillon,2007,8,92,5990000
Leap Year,2010,6.4,33,25920000
Leaving Las Vegas,1995,7.5,82,32030000
Legally Blonde,2001,6.5,59,96520000
Legend,1985,6.3,30,15500000
Legends of the Fall,1994,7.5,45,66640000
Legion,2010,5.3,32,40170000
Leprechaun,1992,4.8,17,8560000
Lethal Weapon,1987,7.6,68,65210000
Lethal Weapon 2,1989,7.3,70,147250000
Lethal Weapon 4,1998,6.6,39,130440000
Letters from Iwo Jima,2006,7.8,89,13760000
Letters to Juliet,2010,6.5,50,53030000
Liar Liar,1997,6.9,70,181410000
Licence to Kill,1989,6.7,58,34670000
Life,1999,6.8,63,63840000
Life as a House,2001,7.4,45,15650000
Life of Brian,1979,8,77,20050000
Lilo & Stitch,2002,7.3,74,145790000
Lionheart,1990,6.2,41,24080000
Lions for Lambs,2007,6.2,47,15000000
Little Children,2006,7.5,75,5460000
Little Miss Sunshine,2006,7.8,80,59890000
Little Nicky,2000,5.3,38,39460000
Little Shop of Horrors,1986,7.1,81,38750000
Little Women,1994,7.3,87,50080000
Live and Let Die,1973,6.7,55,35380000
Live Free or Die Hard,2007,7.1,69,134530000
"Lock, Stock and Two Smoking Barrels",1998,8.1,65,3900000
Logan's Run,1976,6.8,53,25000000
Lola rennt,1998,7.7,79,7270000
Lolita,1997,6.8,46,1400000
Lolita,1962,7.5,79,9250000
Look Who's Talking,1989,5.9,51,140090000
Lord of the Flies,1990,6.4,49,13990000
Lord of War,2005,7.6,62,24150000
Lords of Dogtown,2005,7.1,56,11010000
Lorenzo's Oil,1992,7.3,80,7290000
Lost Highway,1997,7.6,53,3800000
Lost in Space,1998,5.2,43,69120000
Lost in Translation,2003,7.7,91,44590000
Love & Basketball,2000,7.2,72,27440000
Love Actually,2003,7.6,55,59700000
Love Story,1970,6.9,84,106400000
Luc√≠a y el sexo,2001,7,65,1490000
Lucky Number Slevin,2006,7.7,53,22500000
M√§n som hatar kvinnor,2009,7.8,76,10100000
MacGruber,2010,5.6,43,8460000
Mad Max,1979,6.8,73,8750000
Mad Max 2,1981,7.6,77,12470000
Mad Max Beyond Thunderdome,1985,6.2,71,36200000
Madagascar,2005,6.9,57,193600000
Madagascar: Escape 2 Africa,2008,6.6,61,180010000
Made of Honor,2008,5.8,37,46010000
Madea Goes to Jail,2009,4.6,50,90490000
Magnolia,1999,8,78,22460000
Maid in Manhattan,2002,5.4,45,94010000
Major League,1989,7.2,62,49800000
Malcolm X,1992,7.7,73,48170000
Mallrats,1995,7,41,2120000
Mamma Mia!,2008,6.5,51,144130000
Man cheng jin dai huang jin jia,2006,7,70,6570000
Man on Fire,2004,7.7,47,77910000
Man on the Moon,1999,7.4,58,34580000
Manhattan,1979,7.8,83,45700000
Manhunter,1986,7.2,75,8620000
Mansfield Park,1999,7,71,4760000
Mar adentro,2004,8,74,2090000
Marathon Man,1976,7.4,64,21710000
Marie Antoinette,2006,6.5,65,15960000
Marley & Me,2008,7,53,143150000
Marnie,1964,7.1,73,7000000
Mars Attacks!,1996,6.4,52,37770000
Mary Poppins,1964,7.8,88,102270000
MASH,1970,7.4,80,81600000
Master and Commander: The Far Side of the World,2003,7.5,81,93930000
Match Point,2005,7.6,72,23090000
Matchstick Men,2003,7.3,61,36910000
Maverick,1994,7,62,101630000
Max Payne,2008,5.3,31,40690000
"Me, Myself & Irene",2000,6.6,49,90570000
Mean Creek,2004,7.1,74,600000
Mean Girls,2004,7.1,66,86060000
Mean Machine,2001,6.4,45,90000
Mean Streets,1973,7.2,96,3130000
Meet Joe Black,1998,7.2,43,44620000
Meet the Fockers,2004,6.3,41,279260000
Meet the Parents,2000,7,73,166240000
Meet the Robinsons,2007,6.8,61,97820000
Memento,2000,8.4,83,25540000
Memoirs of a Geisha,2005,7.3,54,57490000
Men in Black,1997,7.3,72,250690000
Men in Black II,2002,6.2,49,190420000
Men of Honor,2000,7.2,56,48820000
Menace II Society,1993,7.5,76,27900000
Mermaids,1990,6.7,56,35420000
Message in a Bottle,1999,6.2,40,52880000
Metropolis,1927,8.3,98,1240000
Miami Vice,2006,6.1,66,63450000
Michael Clayton,2007,7.2,82,49030000
Midnight Cowboy,1969,7.8,79,44790000
Midnight Express,1978,7.5,59,35000000
Midnight in the Garden of Good and Evil,1997,6.6,56,25080000
Midnight Run,1988,7.5,78,38410000
Mighty Morphin Power Rangers: The Movie,1995,5.3,40,38190000
Milk,2008,7.5,83,31840000
Million Dollar Baby,2004,8.1,86,100490000
Mindhunters,2004,6.3,33,4480000
Minority Report,2002,7.6,80,132070000
Miracle,2004,7.4,68,64380000
Mirrors,2008,6.1,35,30690000
Misery,1990,7.8,75,61280000
Miss Congeniality,2000,6.3,43,106810000
Miss Congeniality 2: Armed and Fabulous,2005,5.1,34,48480000
Mission to Mars,2000,5.7,34,60880000
Mission: Impossible,1996,7.2,59,180980000
Mission: Impossible II,2000,6.1,59,215410000
Mission: Impossible III,2006,6.9,66,134030000
Mississippi Burning,1988,7.8,65,34600000
Modern Times,1936,8.5,96,160000
Mona Lisa Smile,2003,6.5,45,63860000
Mongol,2007,7.2,74,5700000
Mononoke-hime,1997,8.3,76,2380000
Monster,2003,7.3,74,34470000
Monster House,2006,6.6,68,73660000
Monster's Ball,2001,7.1,69,31270000
Monsters,2010,6.3,63,240000
Monsters vs. Aliens,2009,6.4,56,198350000
"Monsters, Inc.",2001,8.1,79,289920000
Monty Python and the Holy Grail,1975,8.2,91,1230000
Moon,2009,7.8,67,5010000
Moonstruck,1987,7.2,83,80640000
Mortal Kombat,1995,5.8,60,70450000
Mortal Kombat: Annihilation,1997,3.6,11,35930000
Mou gaan dou,2002,8,75,170000
Moulin Rouge!,2001,7.6,66,57390000
Mr. & Mrs. Smith,2005,6.5,55,186340000
Mr. Bean's Holiday,2007,6.4,56,33300000
Mr. Brooks,2007,7.3,45,28480000
Mr. Deeds,2002,5.8,24,126290000
Mr. Magorium's Wonder Emporium,2007,6.2,48,32060000
Mr. Smith Goes to Washington,1939,8.1,73,9600000
Mrs. Doubtfire,1993,7.1,54,219200000
Much Ado About Nothing,1993,7.3,80,22550000
Mulan,1998,7.7,72,120620000
Mulholland Dr.,2001,7.9,86,7220000
Munich,2005,7.5,74,47400000
Murder on the Orient Express,1974,7.2,63,70000
Muriel's Wedding,1994,7.2,63,15190000
Music and Lyrics,2007,6.5,59,50570000
My Best Friend's Wedding,1997,6.3,51,127120000
My Big Fat Greek Wedding,2002,6.6,62,241440000
My Bloody Valentine,2009,5.4,51,51550000
My Cousin Vinny,1992,7.6,68,52930000
My Fair Lady,1964,7.7,95,72000000
My Girl,1991,6.9,56,59850000
My Left Foot: The Story of Christy Brown,1989,7.8,97,14740000
My Name Is Khan,2010,7.9,50,4020000
My Own Private Idaho,1991,7,77,6400000
My Sister's Keeper,2009,7.3,51,49200000
Mysterious Skin,2004,7.6,74,700000
Mystery Men,1999,6.1,66,29760000
Mystic River,2003,7.9,84,90140000
Nacho Libre,2006,5.9,52,80200000
Napoleon Dynamite,2004,7,64,44540000
National Lampoon's Christmas Vacation,1989,7.5,49,71320000
National Lampoon's Vacation,1983,7.3,55,61400000
National Lampoon's Van Wilder,2002,6.4,26,21010000
National Treasure,2004,6.9,40,173010000
National Treasure: Book of Secrets,2007,6.5,48,219960000
Natural Born Killers,1994,7.2,74,50280000
Never Back Down,2008,6.5,39,24850000
Never Been Kissed,1999,6,60,55470000
Never Say Never Again,1983,6.1,68,55500000
New York Minute,2004,4.9,33,14020000
"New York, I Love You",2008,6.2,49,1590000
Next,2007,6.2,42,18210000
Nick and Norah's Infinite Playlist,2008,6.6,64,31490000
Night at the Museum,2006,6.5,48,250860000
Night at the Museum: Battle of the Smithsonian,2009,6,42,177240000
Nights in Rodanthe,2008,6,39,41850000
Nikita,1990,7.3,65,5020000
Nine,2009,5.8,49,19680000
Nine to Five,1980,6.9,58,103290000
Nineteen Eighty-Four,1984,7.1,67,8400000
Ninja Assassin,2009,6.3,34,38110000
No Country for Old Men,2007,8.2,92,74280000
No Reservations,2007,6.3,50,43110000
Nobody's Fool,1994,7.3,86,39490000
Norbit,2007,4.2,27,95670000
North by Northwest,1959,8.3,98,13280000
North Country,2005,7.3,68,18320000
Not Another Teen Movie,2001,5.8,32,38250000
Notes on a Scandal,2006,7.4,73,17510000
Notorious,2009,6.7,60,36840000
Notorious,1946,7.9,100,10460000
Notting Hill,1999,7.2,68,116090000
Now and Then,1995,6.8,50,27400000
Nowhere Boy,2009,7.1,67,1450000
Nuovo Cinema Paradiso,1988,8.5,80,11990000
"O Brother, Where Art Thou?",2000,7.7,69,45510000
Ocean's Eleven,1960,6.5,57,12320000
Ocean's Eleven,2001,7.7,74,183420000
Ocean's Thirteen,2007,6.9,62,117150000
Ocean's Twelve,2004,6.5,58,125540000
October Sky,1999,7.8,71,32480000
Octopussy,1983,6.5,63,67900000
Of Mice and Men,1992,7.5,73,5100000
Office Space,1999,7.6,68,10820000
Okuribito,2008,8,68,1500000
Old School,2003,7,54,75590000
Oldeuboi,2003,8.3,78,710000
Oliver!,1968,7.4,74,16800000
On Her Majesty's Secret Service,1969,6.7,61,22800000
On the Waterfront,1954,8.1,91,9600000
Once,2007,7.8,90,9440000
Once Upon a Time in America,1984,8.3,75,5320000
Once Upon a Time in Mexico,2003,6.3,56,56360000
Once Upon a Time in the West,1968,8.5,82,5320000
One Hour Photo,2002,6.8,64,31600000
One Hundred and One Dalmatians,1961,7.3,83,144880000
Open Season,2006,6.1,49,85110000
Ordinary People,1980,7.7,86,54800000
Orgazmo,1997,6.1,48,580000
Original Sin,2001,6,33,16250000
Orphan,2009,7,42,41600000
Osmosis Jones,2001,6.3,57,13600000
Out of Africa,1985,7.1,69,87100000
Out of Sight,1998,7,84,37560000
Out of Time,2003,6.5,63,41090000
Outbreak,1995,6.6,64,67820000
Outlander,2008,6.2,40,160000
Over the Hedge,2006,6.7,67,155020000
Over the Top,1987,5.8,40,16060000
P.S. I Love You,2007,7,39,53700000
Pan's Labyrinth,2006,8.2,98,37630000
Pandorum,2009,6.7,28,10330000
Panic Room,2002,6.8,65,96400000
Papillon,1973,8,58,53270000
"Paris, je t'aime",2006,7.2,66,4860000
"Paris, Texas",1984,8.1,81,2180000
Patch Adams,1998,6.8,26,135030000
Patriot Games,1992,6.8,64,83290000
Patton,1970,7.9,86,61700000
Paul Blart: Mall Cop,2009,5.3,39,20820000
Pay It Forward,2000,7.2,40,33520000
Payback,1999,7.1,46,81530000
Paycheck,2003,6.3,43,53790000
Peaceful Warrior,2006,7.2,40,3960000
Pearl Harbor,2001,6.2,44,198540000
Pee-wee's Big Adventure,1985,7,47,40900000
Penelope,2006,6.7,48,10010000
Per qualche dollaro in pi√π,1965,8.2,74,15000000
Per un pugno di dollari,1964,7.9,65,14500000
Percy Jackson & the Olympians: The Lightning Thief,2010,5.9,47,88760000
Perfect Stranger,2007,5.7,31,23980000
Perfume: The Story of a Murderer,2006,7.5,56,2220000
Peter Pan,2003,6.8,64,48460000
Philadelphia,1993,7.7,66,77320000
Phone Booth,2002,7.1,56,46570000
Pi,1998,7.3,72,3220000
Pillow Talk,1959,7.4,73,18750000
Pineapple Express,2008,6.9,64,87340000
Pink Floyd: The Wall,1982,8,47,22240000
Pirate Radio,2009,7.3,58,7990000
Pirates of the Caribbean: At World's End,2007,7.1,50,309420000
Pirates of the Caribbean: Dead Man's Chest,2006,7.4,53,423320000
Pirates of the Caribbean: The Curse of the Black Pearl,2003,8.1,63,305410000
Pitch Black,2000,7,49,39240000
"Planes, Trains & Automobiles",1987,7.6,72,49530000
Planet of the Apes,2001,5.7,50,180010000
Planet of the Apes,1968,8,79,33400000
Platoon,1986,8.1,92,138530000
Pleasantville,1998,7.5,71,40570000
Pocahontas,1995,6.7,59,141600000
Point Break,1991,7.3,59,43220000
Police Academy,1984,6.7,41,81200000
Police Academy 2: Their First Assignment,1985,5.8,39,55600000
Police Academy 3: Back in Training,1986,5.4,33,43580000
Poltergeist,1982,7.3,79,76610000
Poseidon,2006,5.7,50,60670000
Practical Magic,1998,6.3,47,46680000
Precious,2009,7.3,78,47570000
Predator,1987,7.8,47,59740000
Predator 2,1990,6.3,46,30670000
Predators,2010,6.4,51,52000000
Premonition,2007,5.9,29,47850000
Pretty in Pink,1986,6.7,56,40470000
Pretty Woman,1990,7.1,51,178410000
Pride & Prejudice,2005,7.8,82,38410000
Pride and Glory,2008,6.6,45,15710000
Primal Fear,1996,7.7,47,56120000
Prime,2005,6.2,58,22830000
Primer,2004,6.7,68,420000
Prince of Persia: The Sands of Time,2010,6.6,50,90760000
Prom Night,2008,3.9,17,43870000
Psycho,1960,8.5,97,32000000
Public Enemies,2009,7,70,97100000
Pulp Fiction,1994,8.9,95,107930000
Punch-Drunk Love,2002,7.3,78,17840000
Punisher: War Zone,2008,5.9,30,8050000
Quantum of Solace,2008,6.5,58,168370000
Quarantine,2008,6,53,31690000
Queen of the Damned,2002,5.2,30,30340000
Radio,2003,6.9,38,52330000
Raging Bull,1980,8.1,90,23380000
Raiders of the Lost Ark,1981,8.4,86,248160000
Rain Man,1988,8,65,178800000
Raising Arizona,1987,7.3,69,22850000
Rambo,2008,7,46,42750000
Rambo: First Blood Part II,1985,6.5,47,150420000
Rash√¥mon,1950,8.2,98,100000
Rat Race,2001,6.5,52,56620000
Ratatouille,2007,8.1,96,206450000
Ray,2004,7.7,73,75330000
Rear Window,1954,8.5,100,36760000
Rebecca,1940,8.1,86,4360000
Red Dragon,2002,7.2,60,93150000
Red Eye,2005,6.5,71,57890000
Reign Over Me,2007,7.4,61,19660000
Remember Me,2010,7.1,40,19070000
Remember the Titans,2000,7.8,48,115650000
Rent,2005,6.8,53,29080000
Repo Men,2010,6.3,32,13790000
Requiem for a Dream,2000,8.3,71,3640000
Rescue Dawn,2006,7.3,77,5490000
Resident Evil,2002,6.6,35,40120000
Resident Evil: Apocalypse,2004,6.1,36,51200000
Resident Evil: Extinction,2007,6.2,41,50650000
Return to Me,2000,6.9,54,32660000
Revenge of the Nerds,1984,6.6,44,40900000
Revolutionary Road,2008,7.3,69,22910000
Revolver,2005,6.3,25,80000
Righteous Kill,2008,6,36,40080000
Rio Bravo,1959,8,93,12540000
Risky Business,1983,6.8,75,63500000
Road House,1989,6.7,36,30050000
Road to Perdition,2002,7.7,72,104450000
Road Trip,2000,6.5,55,68540000
Robin Hood,2010,6.6,53,105270000
Robin Hood,1973,7.5,57,32060000
Robin Hood: Men in Tights,1993,6.7,44,35740000
Robin Hood: Prince of Thieves,1991,6.9,51,165500000
RoboCop,1987,7.6,70,53420000
RoboCop 2,1990,5.8,42,45680000
Robots,2005,6.4,64,128200000
Rock Star,2001,6.3,54,17010000
RocknRolla,2008,7.2,53,5690000
Rocky,1976,8.1,70,117240000
Rocky Balboa,2006,7.1,63,70270000
Rocky III,1982,6.8,57,125050000
Rocky IV,1985,6.9,40,127870000
Rocky V,1990,5.4,55,40950000
Role Models,2008,6.8,61,67290000
Romancing the Stone,1984,6.9,63,76570000
Romeo + Juliet,1996,6.7,60,46350000
Romeo and Juliet,1968,7.6,69,38900000
Ronin,1998,7.2,67,41620000
Rounders,1998,7.3,53,22910000
Rudy,1993,7.5,71,22750000
Running Scared,2006,7.3,41,6860000
Rush Hour,1998,7,61,141150000
Rush Hour 3,2007,6.2,44,140130000
Rushmore,1998,7.6,87,17110000
S.W.A.T.,2003,6.1,45,116930000
Sabrina,1995,6.3,56,53670000
Sahara,2005,6.1,41,68670000
Salinui chueok,2003,8.1,82,10000
Saturday Night Fever,1977,6.8,77,94210000
Save the Last Dance,2001,6.2,53,91060000
Saved!,2004,6.7,62,8940000
Saving Private Ryan,1998,8.6,91,216540000
Saw,2004,7.6,46,56000000
Saw II,2005,6.6,40,87040000
Saw III,2006,6.2,48,80240000
Saw IV,2007,5.9,36,63300000
Saw V,2008,5.8,20,56750000
Saw VI,2009,6,30,27690000
Say Anything...,1989,7.3,86,20780000
Scarface,1983,8.3,65,45600000
Scary Movie,2000,6.3,48,157020000
Scary Movie 2,2001,5.3,29,71310000
Scary Movie 3,2003,5.5,49,110000000
Scary Movie 4,2006,5.1,40,90710000
Scent of a Woman,1992,8,57,63900000
Schindler's List,1993,9,95,96900000
School of Rock,2003,7.2,82,81260000
Scooby-Doo,2002,5.3,35,153290000
Scoop,2006,6.6,48,10530000
Scream,1996,7.4,66,103050000
Scream 2,1997,6.3,62,101360000
Scream 3,2000,5.6,56,89140000
Se7en,1995,8.6,65,100130000
Secondhand Lions,2003,7.5,52,41410000
Secret Window,2004,6.5,46,48020000
"See No Evil, Hear No Evil",1989,6.8,44,46910000
Selena,1997,6.8,67,35420000
Semi-Pro,2008,5.8,47,33470000
Sense and Sensibility,1995,7.7,84,43180000
Serendipity,2001,6.8,52,50290000
Serenity,2005,7.8,74,25510000
Serpico,1973,7.7,83,29800000
Seven Pounds,2008,7.6,36,69950000
Seven Years in Tibet,1997,7.1,55,37960000
Sex and the City,2008,5.7,53,152650000
Sex and the City 2,2010,4.5,27,95350000
Sex Drive,2008,6.5,49,8400000
"Sex, Lies, and Videotape",1989,7.2,86,24740000
Sexy Beast,2000,7.3,79,6950000
Shaft,2000,6,50,70330000
Shakespeare in Love,1998,7.1,87,100320000
Shallow Hal,2001,6,48,70840000
Shanghai Knights,2003,6.2,58,60480000
Shanghai Noon,2000,6.6,77,56940000
Shark Tale,2004,6,48,160860000
Shattered Glass,2003,7.1,73,2220000
Shaun of the Dead,2004,7.9,76,13540000
She's All That,1999,5.9,51,63370000
She's Out of My League,2010,6.4,46,31580000
She's the Man,2006,6.4,45,2340000
Sherlock Holmes,2009,7.6,57,209030000
Shichinin no samurai,1954,8.6,98,270000
Shoot 'Em Up,2007,6.6,49,12810000
Shooter,2007,7.1,53,47000000
Short Circuit,1986,6.6,50,40700000
Shortbus,2006,6.4,64,1990000
Showgirls,1995,5.1,23,20300000
Shrek,2001,7.9,84,267670000
Shrek 2,2004,7.3,75,436470000
Shrek Forever After,2010,6.3,58,238370000
Shrek the Third,2007,6.1,58,320710000
Shutter Island,2010,8.2,63,128010000
Sideways,2004,7.5,94,71500000
Signs,2002,6.8,59,227970000
Silent Hill,2006,6.5,31,46980000
Silverado,1985,7.2,64,33200000
Sin City,2005,8,74,74100000
Sinbad: Legend of the Seven Seas,2003,6.7,48,26480000
Singin' in the Rain,1952,8.3,99,8820000
Sister Act,1992,6.5,51,139610000
Six Days Seven Nights,1998,5.9,51,74330000
Sixteen Candles,1984,7,61,23690000
Sky Captain and the World of Tomorrow,2004,6.1,64,37760000
Sleepers,1996,7.5,49,49100000
Sleepless in Seattle,1993,6.8,72,126530000
Sleepy Hollow,1999,7.3,65,101070000
Sling Blade,1996,8,85,24480000
Slither,2006,6.5,69,7770000
Slumdog Millionaire,2008,8,84,141320000
Smokin' Aces,2006,6.6,45,35660000
Snakes on a Plane,2006,5.5,58,34020000
Snatch,2000,8.2,55,30330000
Sneakers,1992,7.1,65,51430000
Snow White and the Seven Dwarfs,1937,7.6,96,184930000
Solaris,2002,6.2,67,14970000
Some Like It Hot,1959,8.2,98,25000000
Something's Gotta Give,2003,6.7,66,124730000
Son of Rambow,2007,7,66,1780000
Sophie's Choice,1982,7.5,68,30040000
Soul Plane,2004,4.5,33,13920000
"South Park: Bigger, Longer & Uncut",1999,7.7,73,52040000
Soylent Green,1973,7,66,7920000
Space Cowboys,2000,6.5,73,90460000
Space Jam,1996,6.5,57,90460000
Spaceballs,1987,7.1,46,38120000
Spanglish,2004,6.4,48,42730000
Spartacus,1960,7.9,87,30000000
Spawn,1997,5.2,34,54970000
Species,1995,5.9,49,60070000
Speed,1994,7.3,78,121250000
Speed 2: Cruise Control,1997,3.9,24,48610000
Speed Racer,2008,6.1,37,43950000
Spider-Man,2002,7.4,73,403710000
Spider-Man 2,2004,7.5,83,373590000
Spider-Man 3,2007,6.3,59,336530000
Spies Like Us,1985,6.4,22,60090000
Spirit: Stallion of the Cimarron,2002,7.2,52,73280000
Splash,1983,6.3,71,62100000
Spy Kids,2001,5.6,71,112720000
Spy Kids 2: Island of Lost Dreams,2002,5.3,66,85850000
Spy Kids 3: Game Over,2003,4.4,57,111760000
Stalker,1979,8.1,85,230000
Stand and Deliver,1988,7.3,77,13990000
Stand by Me,1986,8.1,75,52290000
Star Trek,2009,7.9,82,257730000
Star Trek II: The Wrath of Khan,1982,7.7,68,78910000
Star Trek: First Contact,1996,7.6,70,92000000
Star Trek: Insurrection,1998,6.4,64,70120000
Star Trek: The Motion Picture,1979,6.4,50,82260000
Star Wars,1977,8.6,90,322740000
Star Wars: Episode I - The Phantom Menace,1999,6.5,51,474540000
Star Wars: Episode II - Attack of the Clones,2002,6.6,54,310680000
Star Wars: Episode III - Revenge of the Sith,2005,7.6,68,380260000
Star Wars: Episode V - The Empire Strikes Back,1980,8.7,82,290480000
Star Wars: Episode VI - Return of the Jedi,1983,8.3,58,309130000
Stardust,2007,7.6,66,38630000
Stargate,1994,7,42,71570000
Starship Troopers,1997,7.3,52,54810000
Starsky & Hutch,2004,6.1,55,88240000
State of Play,2009,7.1,64,37020000
Stay,2005,6.7,41,3630000
Stay Alive,2006,5,24,23090000
Steel Magnolias,1989,7.3,56,83760000
Step Brothers,2008,6.9,51,100470000
Step Up,2006,6.5,48,65330000
Step Up 2: The Streets,2008,6.2,50,58020000
Stepmom,1998,6.8,58,91140000
Stomp the Yard,2007,5.4,44,61360000
Strange Days,1995,7.2,66,7920000
Stranger Than Fiction,2006,7.5,67,40140000
Strangers on a Train,1951,7.9,88,7630000
Street Fighter,1994,4.1,34,33420000
Street Kings,2008,6.8,55,26420000
Striptease,1996,4.5,37,33110000
Stuart Little,1999,6,61,140040000
Stuck on You,2003,5.8,62,33830000
Sunshine,2007,7.2,64,3680000
Sunshine Cleaning,2008,6.8,61,12060000
Super Size Me,2004,7.2,73,11530000
Super Troopers,2001,7,48,18490000
Superbad,2007,7.6,76,121460000
Superhero Movie,2008,4.7,33,26640000
Superman,1978,7.4,82,134220000
Superman II,1980,6.8,83,108190000
Superman III,1983,5,44,59950000
Superman IV: The Quest for Peace,1987,3.7,24,15680000
Surrogates,2009,6.3,45,38580000
Sweet Home Alabama,2002,6.2,45,127220000
Sweet November,2001,6.7,27,25290000
Swing Kids,1993,6.7,39,5630000
Swingers,1996,7.2,71,4510000
Swordfish,2001,6.5,32,69770000
Sydney White,2007,6.2,45,11890000
"Synecdoche, New York",2008,7.5,67,3080000
Syriana,2005,6.9,76,50820000
Taegukgi hwinalrimyeo,2004,8,64,1110000
Taken,2008,7.7,51,145000000
Taking Lives,2004,6.2,38,32680000
Tales from the Darkside: The Movie,1990,6.2,54,16320000
Talladega Nights: The Ballad of Ricky Bobby,2006,6.6,66,148210000
Tarzan,1999,7.3,80,171090000
Taxi Driver,1976,8.2,94,28260000
Team America: World Police,2004,7.2,64,32790000
Tears of the Sun,2003,6.6,48,43730000
Teenage Mutant Ninja Turtles,1990,6.8,51,135270000
Teenage Mutant Ninja Turtles II: The Secret of the Ooze,1991,6,45,78660000
Teenage Mutant Ninja Turtles III,1993,4.8,40,42660000
Tenacious D in The Pick of Destiny,2006,6.8,55,8320000
Terminator 2: Judgment Day,1991,8.6,75,204840000
Terminator 3: Rise of the Machines,2003,6.3,66,150370000
Terminator Salvation,2009,6.5,49,125320000
Terms of Endearment,1983,7.4,79,108420000
Thank You for Smoking,2005,7.5,71,24790000
That Thing You Do!,1996,7,71,25810000
The 'Burbs,1989,6.8,45,36600000
The 13th Warrior,1999,6.6,42,32700000
The 40 Year Old Virgin,2005,7.1,73,109450000
The A-Team,2010,6.7,47,77220000
The Abyss,1989,7.5,62,54460000
The Addams Family,1991,6.9,57,113500000
The Adventures of Baron Munchausen,1988,7.1,69,8080000
"The Adventures of Priscilla, Queen of the Desert",1994,7.5,70,11220000
The Age of Innocence,1993,7.2,90,32200000
The Amityville Horror,2005,5.9,33,65230000
The Apartment,1960,8.3,94,18600000
The AristoCats,1970,7.1,66,37680000
The Assassination of Jesse James by the Coward Robert Ford,2007,7.5,68,3900000
The Astronaut's Wife,1999,5.4,38,10670000
The Avengers,1998,3.8,12,23320000
The Aviator,2004,7.5,77,102610000
The Back-up Plan,2010,5.3,34,37490000
The Bank Job,2008,7.2,69,30060000
The Basketball Diaries,1995,7.3,46,2420000
The Beach,2000,6.6,43,39790000
The Best Years of Our Lives,1946,8.1,93,23650000
The Big Chill,1983,7.1,61,56200000
The Big Lebowski,1998,8.1,71,17500000
The Birdcage,1996,7.2,71,124060000
The Birds,1963,7.6,90,11400000
The Black Dahlia,2006,5.6,49,22520000
The Blair Witch Project,1999,6.5,80,140540000
The Blind Side,2009,7.6,53,255960000
The Blue Lagoon,1980,5.8,31,58850000
The Blues Brothers,1980,7.9,60,57230000
The Bodyguard,1992,6.4,39,121950000
The Bone Collector,1999,6.7,45,66520000
The Book of Eli,2010,6.8,53,94840000
The Boondock Saints,1999,7.7,44,30000
The Boondock Saints II: All Saints Day,2009,6.2,24,10270000
The Bounty Hunter,2010,5.5,22,67060000
The Bourne Identity,2002,7.8,68,121660000
The Bourne Supremacy,2004,7.7,73,176240000
The Bourne Ultimatum,2007,8,85,227470000
The Box,2009,5.6,47,15050000
The Boy in the Striped Pajamas,2008,7.7,55,9030000
The Brady Bunch Movie,1995,6.2,54,46580000
The Break-Up,2006,5.8,46,118700000
The Breakfast Club,1985,7.8,66,45880000
The Bridge on the River Kwai,1957,8.1,88,44910000
The Bridges of Madison County,1995,7.6,69,71520000
The Brothers Bloom,2008,6.7,55,3520000
The Brothers Grimm,2005,5.9,51,37920000
The Bucket List,2007,7.4,42,93470000
The Burning Plain,2008,6.7,45,200000
The Butterfly Effect,2004,7.6,30,57940000
The Cable Guy,1996,6.1,56,60240000
The Cell,2000,6.4,40,61330000
The Chronicles of Narnia: Prince Caspian,2008,6.5,62,141620000
"The Chronicles of Narnia: The Lion, the Witch and the Wardrobe",2005,6.9,75,291710000
The Chronicles of Riddick,2004,6.6,38,57760000
The Cider House Rules,1999,7.4,75,57550000
The Client,1994,6.7,65,92120000
The Collector,2009,6.3,29,7710000
The Color Purple,1985,7.7,78,98470000
The Constant Gardener,2005,7.4,82,33580000
The Conversation,1974,7.7,87,4420000
The Core,2003,5.5,48,31190000
The Count of Monte Cristo,2002,7.7,61,54230000
The Craft,1996,6.4,55,24880000
The Crazies,2010,6.5,56,39120000
The Crow,1994,7.5,71,50690000
The Crucible,1996,6.8,75,7340000
The Curious Case of Benjamin Button,2008,7.8,70,127510000
The Da Vinci Code,2006,6.6,46,217540000
The Damned United,2009,7.5,81,450000
The Darjeeling Limited,2007,7.2,67,11900000
The Dark Knight,2008,9,84,534860000
The Day After Tomorrow,2004,6.5,47,186740000
The Day the Earth Stood Still,2008,5.5,40,79370000
The Dead Zone,1983,7.2,69,20770000
The Deer Hunter,1978,8.1,90,48980000
The Departed,2006,8.5,85,132380000
The Descent,2005,7.2,71,26020000
The Devil Wears Prada,2006,6.9,62,124740000
The Devil's Advocate,1997,7.5,60,60980000
The Dirty Dozen,1967,7.7,73,45300000
The Doors,1991,7.2,62,35180000
The Dreamers,2003,7.1,63,2530000
The Duchess,2008,6.9,62,13820000
The Dukes of Hazzard,2005,5.1,33,80270000
The Emperor's New Groove,2000,7.4,70,89300000
The English Patient,1996,7.4,86,78650000
The Evil Dead,1981,7.4,71,2400000
The Exorcism of Emily Rose,2005,6.7,46,75070000
The Exorcist,1973,8.1,83,232910000
The Express,2008,7.2,58,9590000
The Fall,2006,7.8,64,2280000
The Family Man,2000,6.8,42,75790000
The Family Stone,2005,6.3,56,60060000
The Fast and the Furious,2001,6.8,58,144530000
The Fast and the Furious: Tokyo Drift,2006,6,45,62510000
The Final Destination,2009,5.1,30,66480000
The Firm,1993,6.9,58,158350000
The Fisher King,1991,7.5,67,41900000
The Flintstones,1994,5,38,130510000
The Fly,1986,7.6,81,40460000
The Forbidden Kingdom,2008,6.5,57,52080000
The Fountain,2006,7.2,51,10140000
The Fourth Kind,2009,5.9,34,25460000
The Fox and the Hound,1981,7.2,65,63460000
The French Connection,1971,7.7,94,15630000
The Fugitive,1993,7.8,87,183880000
The Full Monty,1997,7.2,75,45950000
The Game,1997,7.7,63,48320000
The Game Plan,2007,6.4,44,90650000
The Ghost and the Darkness,1996,6.8,46,38620000
The Ghost Writer,2010,7.2,77,15540000
The Gift,2000,6.7,62,12010000
The Girl Next Door,2004,6.7,47,14590000
The Godfather,1972,9.2,100,134970000
The Godfather Part II,1974,9,90,57300000
The Godfather Part III,1990,7.6,60,66670000
The Golden Compass,2007,6.1,51,70110000
The Good Shepherd,2006,6.7,61,59950000
The Goonies,1985,7.7,62,61500000
The Graduate,1967,8,83,104950000
The Grapes of Wrath,1940,8.1,96,60000
The Great Debaters,2007,7.5,65,30230000
The Great Escape,1963,8.2,86,12100000
The Green Mile,1999,8.6,61,136800000
The Grudge,2004,5.9,49,110360000
The Guardian,2006,6.9,53,55010000
The Hangover,2009,7.7,73,277320000
The Happening,2008,5,34,64510000
The Haunting,1999,5,42,91410000
The Heartbreak Kid,2007,5.8,46,36790000
The Hills Have Eyes,2006,6.4,52,41780000
The Hitchhiker's Guide to the Galaxy,2005,6.7,63,51090000
The Holiday,2006,6.9,52,63220000
The Horse Whisperer,1998,6.7,65,75380000
The Hours,2002,7.5,80,41680000
The Human Stain,2003,6.2,57,5380000
The Hunchback of Notre Dame,1996,7,74,100140000
The Hunt for Red October,1990,7.5,58,122010000
The Hurt Locker,2008,7.5,95,17020000
The Hustler,1961,8,90,8280000
The Illusionist,2006,7.5,68,39870000
The Imaginarium of Doctor Parnassus,2009,6.8,65,7690000
The Incredible Hulk,2008,6.6,61,134520000
The Incredibles,2004,8,90,261440000
The Informant!,2009,6.5,66,33310000
The Insider,1999,7.8,85,28970000
The International,2009,6.5,52,25450000
The Interpreter,2005,6.4,62,72710000
The Invasion,2007,5.9,45,15070000
The Invention of Lying,2009,6.4,58,18440000
The Iron Giant,1999,8.1,85,23160000
The Island,2005,6.8,50,35820000
The Italian Job,2003,7,68,106130000
The Jacket,2005,7.1,44,6300000
The Jerk,1979,7.1,61,73690000
The Jewel of the Nile,1985,6.1,53,75970000
The Joneses,2009,6.4,55,1470000
The Jungle Book,1994,6,63,44340000
The Jungle Book,1967,7.6,65,141840000
The Karate Kid,2010,6.2,61,176590000
The Karate Kid,1984,7.3,60,90820000
The Karate Kid Part II,1986,6.1,55,115100000
The Killing Fields,1984,7.8,76,34700000
The King of Comedy,1982,7.8,73,2500000
The Kingdom,2007,7,56,47540000
The Kite Runner,2007,7.6,61,15800000
The Ladykillers,2004,6.2,56,39800000
The Lake House,2006,6.8,52,52330000
The Land Before Time,1988,7.4,66,48090000
The Last Airbender,2010,4,20,131560000
The Last Castle,2001,6.9,43,18210000
The Last Emperor,1987,7.7,76,43980000
The Last King of Scotland,2006,7.6,74,17610000
The Last of the Mohicans,1992,7.7,76,75510000
The Last Picture Show,1971,8,93,29130000
The Last Samurai,2003,7.8,55,111110000
The Last Song,2010,6,33,62950000
The League of Extraordinary Gentlemen,2003,5.8,30,66470000
The Legend of Bagger Vance,2000,6.7,47,30700000
The Legend of Zorro,2005,5.9,47,46460000
The Life Aquatic with Steve Zissou,2004,7.2,62,24010000
The Life of David Gale,2003,7.5,31,19590000
The Lion King,1994,8.5,88,422780000
The Little Mermaid,1989,7.6,88,111540000
The Little Rascals,1994,6.3,45,52130000
The Lives of Others,2006,8.4,89,11290000
The Living Daylights,1987,6.7,59,51190000
The Lizzie McGuire Movie,2003,5.5,56,42730000
The Long Goodbye,1973,7.5,87,960000
The Longest Day,1962,7.7,75,39100000
The Longest Yard,2005,6.4,48,158120000
The Lord of the Rings: The Fellowship of the Ring,2001,8.9,92,315540000
The Lord of the Rings: The Return of the King,2003,9,94,377850000
The Lord of the Rings: The Two Towers,2002,8.8,87,342550000
The Losers,2010,6.2,44,23580000
The Lost Boys,1987,7.2,63,32220000
The Lost World: Jurassic Park,1997,6.5,59,229090000
The Lovely Bones,2009,6.6,42,43820000
The Machinist,2004,7.6,61,1080000
The Magnificent Seven,1960,7.7,74,4910000
The Maltese Falcon,1941,8,97,2110000
The Man in the Iron Mask,1998,6.5,49,56970000
The Man in the Moon,1991,7.3,73,2850000
The Man Who Wasn't There,2001,7.5,73,7490000
The Man with the Golden Gun,1974,6.7,43,20970000
The Manchurian Candidate,2004,6.6,76,65960000
The Mask,1994,6.9,59,119940000
The Mask of Zorro,1998,6.8,62,94100000
The Matrix,1999,8.7,73,171480000
The Matrix Reloaded,2003,7.2,62,281490000
The Matrix Revolutions,2003,6.7,47,139310000
The Men Who Stare at Goats,2009,6.2,54,32430000
The Mexican,2001,6.1,43,66810000
The Mission,1986,7.4,55,17220000
The Mist,2007,7.1,58,25590000
The Mummy,1999,7.1,48,155250000
The Mummy Returns,2001,6.4,48,202020000
The Mummy: Tomb of the Dragon Emperor,2008,5.2,31,102490000
The Naked Gun: From the Files of Police Squad!,1988,7.6,76,78760000
The Nanny Diaries,2007,6.2,46,25930000
The Negotiator,1998,7.3,62,44480000
The NeverEnding Story,1984,7.3,46,20160000
The New World,2005,6.7,73,12710000
The Night of the Hunter,1955,8,97,650000
The Nightmare Before Christmas,1993,7.9,82,75080000
The Ninth Gate,1999,6.7,44,18660000
The Notebook,2004,7.8,53,81000000
The Nutty Professor,1996,5.7,64,128810000
The Omen,2006,5.5,43,54610000
The Omen,1976,7.5,62,4270000
The Other Boleyn Girl,2008,6.7,50,26810000
The Others,2001,7.6,74,96520000
The Outlaw Josey Wales,1976,7.8,69,31800000
The Outsiders,1983,7,45,25600000
The Painted Veil,2006,7.4,69,8060000
The Parent Trap,1998,6.6,63,66310000
The Passion of the Christ,2004,7.2,47,370780000
The Patriot,2000,7.2,63,113330000
The Perfect Score,2004,5.7,35,10390000
The Perfect Storm,2000,6.5,59,182620000
The Phantom of the Opera,2004,7.2,40,51270000
The Pianist,2002,8.5,85,32570000
The Piano,1993,7.5,89,40160000
The Pink Panther,2006,5.7,38,82230000
The Polar Express,2004,6.6,61,183370000
The Poseidon Adventure,1972,7.1,70,84560000
The Postman,1997,6.1,29,17630000
The Prestige,2006,8.5,66,53090000
The Prince & Me,2004,5.8,47,28180000
The Prince of Egypt,1998,7.2,64,101220000
The Princess and the Frog,2009,7.2,73,104400000
The Princess Bride,1987,8,78,30860000
The Princess Diaries,2001,6.4,52,108250000
The Princess Diaries 2: Royal Engagement,2004,5.8,43,95170000
The Producers,2005,6.3,52,19380000
The Proposal,2009,6.8,48,163960000
The Punisher,2004,6.4,33,33810000
The Pursuit of Happyness,2006,8,64,163570000
The Queen,2006,7.3,90,56440000
The Rainmaker,1997,7.2,72,45860000
The Reader,2008,7.6,58,34190000
The Reaping,2007,5.6,36,25120000
The Recruit,2003,6.6,56,52800000
The Remains of the Day,1993,7.8,86,22950000
The Right Stuff,1983,7.8,91,21500000
The Ring,2002,7.1,57,129130000
The Ring Two,2005,5.4,44,76230000
The Road,2009,7.2,64,60000
The Road to El Dorado,2000,6.9,51,50860000
The Rock,1996,7.4,58,134070000
The Rocketeer,1991,6.6,58,46700000
The Rocky Horror Picture Show,1975,7.4,65,139880000
The Royal Tenenbaums,2001,7.6,76,52360000
The Ruins,2008,5.9,44,17430000
The Rules of Attraction,2002,6.6,50,6530000
The Runaways,2010,6.5,65,3570000
The Rundown,2003,6.7,59,47730000
The Running Man,1987,6.6,45,38120000
The Sandlot,1993,7.8,55,32420000
The Score,2001,6.8,71,71070000
The Scorpion King,2002,5.5,45,91050000
The Secret Garden,1993,7.3,74,31180000
The Secret Life of Bees,2008,7.2,57,37770000
The Shawshank Redemption,1994,9.3,82,28340000
The Shining,1980,8.4,68,44020000
The Silence of the Lambs,1991,8.6,86,130740000
The Simpsons Movie,2007,7.3,80,183140000
The Sisterhood of the Traveling Pants,2005,6.5,66,39010000
The Sisterhood of the Traveling Pants 2,2008,6.2,63,44090000
The Sixth Sense,1999,8.2,64,293510000
The Skeleton Key,2005,6.5,47,47810000
The Soloist,2009,6.7,61,31670000
The Sorcerer's Apprentice,2010,6.1,46,63150000
The Sound of Music,1965,8.1,63,163210000
The Spiderwick Chronicles,2008,6.5,62,71200000
The Spirit,2008,4.7,30,19780000
The SpongeBob SquarePants Movie,2004,7.1,67,85420000
The Spy Who Loved Me,1977,7,55,46800000
The Squid and the Whale,2005,7.3,82,7360000
The Station Agent,2003,7.6,81,5740000
The Stepfather,2009,5.6,33,29060000
The Stepford Wives,2004,5.3,42,59480000
The Sting,1973,8.3,83,159600000
The Sum of All Fears,2002,6.4,45,118910000
The Sword in the Stone,1963,7.1,61,22180000
The Taking of Pelham 123,2009,6.4,55,65450000
The Talented Mr. Ripley,1999,7.4,76,81300000
The Terminal,2004,7.4,55,77870000
The Terminator,1984,8.1,84,38400000
The Texas Chain Saw Massacre,1974,7.4,90,30860000
The Texas Chainsaw Massacre,2003,6.2,38,80570000
The Texas Chainsaw Massacre: The Beginning,2006,5.8,30,39520000
The Thin Red Line,1998,7.6,78,36400000
The Thing,1982,8.2,57,13780000
The Third Man,1949,8.1,97,450000
The Thomas Crown Affair,1999,6.8,72,69300000
The Time Machine,2002,6,42,56680000
The Time Traveler's Wife,2009,7.1,47,63410000
The Transporter,2002,6.8,51,25300000
The Treasure of the Sierra Madre,1948,8.2,98,5010000
The Truman Show,1998,8.2,90,125620000
The Twilight Saga: Eclipse,2010,5.1,58,300530000
The Twilight Saga: New Moon,2009,4.8,44,296620000
The Ugly Truth,2009,6.4,28,88920000
The Unbearable Lightness of Being,1988,7.3,73,10010000
The Uninvited,2009,6.3,43,28570000
The Untouchables,1987,7.8,79,76270000
The Usual Suspects,1995,8.5,76,23340000
The Village,2004,6.6,44,114200000
The Virgin Suicides,1999,7.2,77,4860000
The Warriors,1979,7.5,65,22490000
The Water Horse,2007,6.4,71,40410000
The Waterboy,1998,6.1,41,161490000
The Weather Man,2005,6.6,61,12480000
The Wedding Date,2005,6.1,32,31730000
The Wedding Planner,2001,5.3,33,60400000
The Wedding Singer,1998,6.9,60,80250000
The Whole Nine Yards,2000,6.7,47,57260000
The Wicker Man,2006,3.8,36,23640000
The Wild Bunch,1969,7.9,98,12060000
The Witches,1990,6.8,78,10360000
The Wizard of Oz,1939,8.1,92,2080000
The Wolfman,2010,5.8,43,61980000
The World Is Not Enough,1999,6.4,57,126940000
The Wrestler,2008,7.9,80,26240000
The X Files,1998,7,60,83900000
The X Files: I Want to Believe,2008,5.9,47,20980000
The Young Victoria,2009,7.2,64,11000000
Thelma & Louise,1991,7.6,89,45360000
There Will Be Blood,2007,8.2,93,40220000
There's Something About Mary,1998,7.1,69,176480000
Thir13en Ghosts,2001,5.6,30,41870000
Thirteen,2003,6.8,70,4600000
This Is England,2006,7.7,86,330000
This Is Spinal Tap,1984,7.9,92,4740000
Three Amigos!,1986,6.5,52,39250000
Three Kings,1999,7.1,82,60650000
Thunderball,1965,6.9,64,63600000
Time Bandits,1981,6.9,79,42370000
Timeline,2003,5.6,29,19480000
Titanic,1997,7.9,75,659330000
TMNT,2007,6.2,41,54150000
Tombstone,1993,7.8,50,56510000
Tommy Boy,1995,7.1,46,32700000
Tomorrow Never Dies,1997,6.5,52,125330000
Tonari no Totoro,1988,8.1,86,1110000
Tooth Fairy,2010,5,36,60020000
Tootsie,1982,7.4,88,177200000
Top Gun,1986,6.9,50,179800000
Top Secret!,1984,7.2,68,20500000
Total Recall,1990,7.5,60,119390000
Touch of Evil,1958,8,99,2240000
Toy Story,1995,8.3,96,191800000
Toy Story 2,1999,7.9,88,245850000
Toy Story 3,2010,8.3,92,415000000
Trading Places,1983,7.5,69,90400000
Traffic,2000,7.6,86,124120000
Training Day,2001,7.7,71,76630000
Trainspotting,1996,8.1,83,16500000
Transformers,2007,7,61,319250000
Transformers: Revenge of the Fallen,2009,6,35,402110000
Transporter 2,2005,6.3,56,43100000
Transporter 3,2008,6.1,51,31720000
Tremors,1990,7.2,65,16670000
Tristan + Isolde,2006,6.8,49,14730000
Trois couleurs: Rouge,1994,8.1,100,4040000
Tron,1982,6.7,58,33000000
Tropic Thunder,2008,7.1,71,110520000
Troy,2004,7.3,56,133380000
True Lies,1994,7.3,63,146280000
Tuck Everlasting,2002,6.6,66,19160000
Tucker and Dale vs Evil,2010,7.5,65,220000
Turistas,2006,5.4,36,7030000
Twelve Monkeys,1995,8,75,57140000
Twilight,2008,5.3,56,192770000
Twilight Zone: The Movie,1983,6.4,44,29500000
Twin Peaks: Fire Walk with Me,1992,7.3,45,4160000
Twister,1996,6.5,68,241720000
Two Lovers,2008,7,74,3150000
Two Weeks Notice,2002,6.1,42,93350000
U-571,2000,6.6,62,77090000
Ultimo tango a Parigi,1972,6.9,77,36140000
Ultraviolet,2006,4.3,18,18500000
Un proph√®te,2009,7.8,90,2080000
Unbreakable,2000,7.3,62,95010000
Uncle Buck,1989,7.1,51,66760000
Under Siege 2: Dark Territory,1995,5.5,52,50020000
Under the Tuscan Sun,2003,6.7,52,43610000
Undercover Brother,2002,5.9,69,38230000
Underground,1995,8.1,79,170000
Underworld,2003,7,42,51970000
Underworld: Evolution,2006,6.7,36,62320000
Underworld: Rise of the Lycans,2009,6.5,44,45800000
Unfaithful,2002,6.7,63,52800000
Unforgiven,1992,8.2,85,101160000
Unleashed,2005,7,58,24520000
Up,2009,8.3,88,293000000
Up in the Air,2009,7.4,83,83820000
V for Vendetta,2005,8.2,62,70510000
Valentine's Day,2010,5.7,34,110490000
Valhalla Rising,2009,6,61,20000
Valkyrie,2008,7.1,56,83080000
Van Helsing,2004,6.1,35,120180000
Vanilla Sky,2001,6.9,45,100610000
Vanity Fair,2004,6.2,53,16140000
Vantage Point,2008,6.6,40,72270000
Varsity Blues,1999,6.5,50,52890000
Vegas Vacation,1997,5.9,20,36430000
Vertigo,1958,8.3,100,3200000
Vicky Cristina Barcelona,2008,7.1,70,23220000
W.,2008,6.3,56,25530000
Wag the Dog,1997,7.1,74,43020000
Waking Life,2001,7.7,85,2890000
Walk Hard: The Dewey Cox Story,2007,6.8,63,18320000
Walk the Line,2005,7.8,72,119520000
Wall Street,1987,7.3,56,43850000
WALL¬∑E,2008,8.4,95,223810000
Wanted,2008,6.7,64,134510000
War,2007,6.2,36,22490000
War of the Worlds,2005,6.5,73,234280000
WarGames,1983,7.1,77,79570000
Watchmen,2009,7.6,56,107510000
Waterworld,1995,6.3,56,88250000
Wayne's World,1992,7,57,121700000
We Are Marshall,2006,7,53,43550000
We Own the Night,2007,6.8,59,28560000
We Were Soldiers,2002,7.2,65,78120000
Weird Science,1985,6.6,46,23830000
Wes Craven's New Nightmare,1994,6.4,64,18090000
West Side Story,1961,7.6,86,43660000
What About Bob?,1991,7,60,63710000
What Dreams May Come,1998,7,44,55490000
What Happens in Vegas,2008,6.1,36,80280000
What Lies Beneath,2000,6.6,51,155460000
What Women Want,2000,6.4,47,182810000
What's Eating Gilbert Grape,1993,7.7,73,9170000
When Harry Met Sally...,1989,7.7,76,92820000
When in Rome,2010,5.5,25,32670000
Where the Wild Things Are,2009,6.7,71,77230000
While You Were Sleeping,1995,6.8,67,81060000
White Chicks,2004,5.8,41,70830000
White Oleander,2002,7.1,61,16350000
Who Framed Roger Rabbit,1988,7.7,83,156450000
Wicker Park,2004,6.9,40,12830000
Wild at Heart,1990,7.2,52,14560000
Wild Hogs,2007,5.8,27,168270000
Wild Things,1998,6.6,51,29750000
Wild Wild West,1999,4.9,40,113810000
Willow,1988,7.2,47,57270000
Willy Wonka & the Chocolate Factory,1971,7.8,67,4000000
Wimbledon,2004,6.3,59,17000000
Winter's Bone,2010,7.1,90,6530000
Witness,1985,7.4,76,68710000
Witness for the Prosecution,1957,8.4,76,8180000
Wo hu cang long,2000,7.9,94,128080000
Wolf Creek,2005,6.2,56,16190000
Wonder Boys,2000,7.2,74,19390000
Working Girl,1988,6.8,73,64000000
World Trade Center,2006,6,66,70280000
Wristcutters: A Love Story,2006,7.2,62,320000
Wrong Turn,2003,6.1,32,15420000
Wyatt Earp,1994,6.7,47,25050000
X-Men,2000,7.3,64,157300000
X-Men Origins: Wolverine,2009,6.5,40,179880000
X-Men: The Last Stand,2006,6.6,58,234360000
X2,2003,7.4,68,214950000
xXx,2002,5.8,48,142110000
xXx: State of the Union,2005,4.5,37,26870000
Y tu mam√° tambi√©n,2001,7.7,89,13620000
Year One,2009,4.9,34,43340000
Yes Man,2008,6.8,46,97690000
Ying xiong,2002,7.9,85,53710000
You Don't Mess with the Zohan,2008,5.6,54,100020000
You've Got Mail,1998,6.7,58,115820000
Young Frankenstein,1974,8,83,86300000
Young Guns,1988,6.8,50,45660000
"Yours, Mine & Ours",2005,5.5,38,53410000
Youth in Revolt,2009,6.4,63,15280000
Zack and Miri Make a Porno,2008,6.5,56,31460000
Zathura: A Space Adventure,2005,6.3,67,29260000
Zodiac,2007,7.7,79,33080000
Zombieland,2009,7.5,73,75590000
Zoolander,2001,6.5,61,45170000
Zwartboek,2006,7.7,71,4400000